num_communities,modularity,NMI_comm_vs_labels,ARI_comm_vs_labels
105,0.8105827904830901,0.45381678086418686,0.25105810531305833
