NMI_pred_vs_comm,ARI_pred_vs_comm,NMI_pred_vs_labels,ARI_pred_vs_labels
0.46753225776949325,0.2874175121136076,0.6129760060820686,0.6165959125036853
